"employee_id","business_areas","salary_bands","countries","gender","age","seniority","status"
70212526,"Manufacturing","Band 1","Poland","Female","18-24","0","Active"
29344189,"Manufacturing","Band 1","Poland","Female","18-24","1","Active"
88067934,"Manufacturing","Band 1","Poland","Female","18-24","0","Terminated"
18375755,"Manufacturing","Band 1","Poland","Female","18-24","3 to 4","Active"
11476459,"Manufacturing","Band 1","Poland","Female","18-24","1","Active"
31774521,"Manufacturing","Band 1","Poland","Female","18-24","2","Active"
97918965,"Manufacturing","Band 1","Poland","Female","18-24","0","Active"
96901953,"Manufacturing","Band 1","Poland","Female","18-24","2","Terminated"
86144197,"Manufacturing","Band 1","Poland","Female","18-24","2","Active"
61643913,"Manufacturing","Band 1","Poland","Female","18-24","1","Active"
94362082,"Manufacturing","Band 1","Poland","Female","18-24","1","Active"
54594385,"Manufacturing","Band 1","Poland","Female","18-24","2","Active"
51299425,"Manufacturing","Band 1","Poland","Female","18-24","1","Active"
67080279,"Manufacturing","Band 1","Poland","Female","18-24","0","Active"
73524221,"Manufacturing","Band 1","Poland","Female","18-24","2","Active"
19939515,"Manufacturing","Band 1","Poland","Female","18-24","0","Active"
33970139,"Manufacturing","Band 1","Poland","Female","18-24","3 to 4","Active"
30665057,"Manufacturing","Band 1","Poland","Female","18-24","3 to 4","Active"
70358216,"Manufacturing","Band 1","Poland","Female","18-24","0","Active"
66007623,"Manufacturing","Band 1","Poland","Female","18-24","0","Active"
69749236,"Sales","Band 1","Spain","Female","18-24","0","Active"
74645571,"Sales","Band 1","Spain","Female","18-24","0","Terminated"
75833751,"Sales","Band 1","Spain","Female","18-24","2","Active"
78977045,"Sales","Band 1","Spain","Female","18-24","3 to 4","Active"
76711330,"Sales","Band 1","Germany","Female","18-24","2","Active"
58510989,"Sales","Band 1","Germany","Female","18-24","2","Active"
21781163,"LSCM","Band 1","Italy","Female","18-24","0","Active"
24419177,"LSCM","Band 1","Italy","Female","18-24","2","Active"
40792961,"LSCM","Band 1","Italy","Female","18-24","1","Active"
47692746,"LSCM","Band 1","Poland","Female","18-24","0","Active"
76046975,"LSCM","Band 1","Poland","Female","18-24","3 to 4","Active"
19782639,"Sales","Band 1","Belgium","Female","18-24","1","Active"
68507838,"Sales","Band 1","Belgium","Female","18-24","1","Active"
61193860,"Sales","Band 1","Poland","Female","18-24","2","Active"
34733821,"Sales","Band 1","Poland","Female","18-24","0","Active"
46150752,"Sales","Band 1","France","Female","18-24","0","Active"
99962235,"Sales","Band 1","France","Female","18-24","0","Active"
33040210,"Sales","Band 1","Italy","Female","18-24","5 to 7","Active"
41034153,"Sales","Band 1","Italy","Female","18-24","0","Terminated"
27900676,"LSCM","Band 1","Germany","Female","18-24","1","Active"
73150945,"LSCM","Band 1","Netherlands","Female","18-24","1","Active"
66280288,"Manufacturing","Band 1","Poland","Female","25-34","0","Active"
78524154,"Manufacturing","Band 1","Poland","Female","25-34","2","Terminated"
83328403,"Manufacturing","Band 1","Poland","Female","25-34","0","Active"
43367516,"Manufacturing","Band 1","Poland","Female","25-34","2","Active"
54061810,"Manufacturing","Band 1","Poland","Female","25-34","2","Active"
80295977,"Manufacturing","Band 1","Poland","Female","25-34","0","Terminated"
54748690,"Manufacturing","Band 1","Poland","Female","25-34","3 to 4","Active"
76384159,"Sales","Band 1","Spain","Female","25-34","1","Active"
92371466,"Sales","Band 1","Netherlands","Female","25-34","8 to 11","Active"
96620142,"Manufacturing","Band 1","Poland","Female","35-44","0","Terminated"
12406586,"Manufacturing","Band 1","Poland","Female","35-44","2","Active"
32222405,"Manufacturing","Band 1","Poland","Female","35-44","0","Active"
40635144,"Sales","Band 1","Spain","Female","35-44","2","Active"
77083266,"Sales","Band 1","Belgium","Female","35-44","0","Active"
33903064,"Sales","Band 1","Poland","Female","35-44","5 to 7","Active"
76929282,"LSCM","Band 1","France","Female","35-44","1","Active"
88807978,"Manufacturing","Band 1","Poland","Female","45-54","1","Terminated"
11939030,"Manufacturing","Band 1","Poland","Female","45-54","3 to 4","Active"
37077764,"Manufacturing","Band 1","Poland","Female","45-54","2","Terminated"
63730869,"Sales","Band 1","Spain","Female","45-54","2","Active"
95478960,"Sales","Band 1","Spain","Female","45-54","5 to 7","Active"
77473457,"Sales","Band 1","Germany","Female","45-54","12+","Active"
82531743,"LSCM","Band 1","Poland","Female","45-54","2","Active"
19696110,"Manufacturing","Band 1","Poland","Female","55+","2","Active"
88572100,"Manufacturing","Band 1","Poland","Female","55+","0","Active"
79113615,"Sales","Band 1","Germany","Female","55+","0","Active"
33622635,"Manufacturing","Band 2","Poland","Female","18-24","0","Active"
25150788,"Manufacturing","Band 2","Poland","Female","18-24","0","Active"
96948549,"Manufacturing","Band 2","Poland","Female","18-24","1","Active"
63081478,"Manufacturing","Band 2","Poland","Female","18-24","1","Active"
60055695,"Manufacturing","Band 2","Poland","Female","18-24","5 to 7","Active"
47695375,"Manufacturing","Band 2","Poland","Female","18-24","0","Active"
92526452,"Manufacturing","Band 2","Poland","Female","18-24","5 to 7","Active"
97993850,"Manufacturing","Band 2","Poland","Female","18-24","2","Active"
94390077,"R&D","Band 2","Germany","Female","18-24","3 to 4","Active"
52828575,"R&D","Band 2","Germany","Female","18-24","2","Active"
14550378,"R&D","Band 2","Germany","Female","18-24","0","Active"
69194375,"R&D","Band 2","Germany","Female","18-24","0","Active"
85667856,"Marketing","Band 2","Belgium","Female","18-24","0","Active"
67427329,"Marketing","Band 2","Belgium","Female","18-24","2","Terminated"
95635137,"Marketing","Band 2","Belgium","Female","18-24","5 to 7","Active"
14631123,"LSCM","Band 2","Poland","Female","18-24","1","Active"
82178523,"HR","Band 2","France","Female","18-24","1","Active"
98792511,"Sales","Band 2","Spain","Female","18-24","3 to 4","Active"
40131234,"HR","Band 2","Germany","Female","18-24","0","Active"
82595415,"HR","Band 2","Italy","Female","18-24","1","Active"
35277086,"IT","Band 2","Spain","Female","18-24","0","Active"
85558433,"LSCM","Band 2","Belgium","Female","18-24","1","Active"
13270665,"Manufacturing","Band 2","Poland","Female","25-34","8 to 11","Active"
52716204,"Manufacturing","Band 2","Poland","Female","25-34","0","Active"
61234541,"Manufacturing","Band 2","Poland","Female","25-34","5 to 7","Active"
66164623,"Manufacturing","Band 2","Poland","Female","25-34","0","Active"
72576470,"Manufacturing","Band 2","Poland","Female","25-34","2","Active"
51548202,"Manufacturing","Band 2","Poland","Female","25-34","1","Active"
43606007,"Manufacturing","Band 2","Poland","Female","25-34","0","Active"
67152410,"Manufacturing","Band 2","Poland","Female","25-34","0","Active"
66670011,"R&D","Band 2","Germany","Female","25-34","8 to 11","Active"
95686047,"R&D","Band 2","Germany","Female","25-34","0","Active"
18506041,"R&D","Band 2","Germany","Female","25-34","12+","Active"
42716251,"R&D","Band 2","Germany","Female","25-34","8 to 11","Active"
90780200,"R&D","Band 2","Germany","Female","25-34","1","Active"
44882494,"Marketing","Band 2","Belgium","Female","25-34","1","Active"
18335538,"Marketing","Band 2","Belgium","Female","25-34","0","Active"
15601743,"Marketing","Band 2","Belgium","Female","25-34","0","Active"
47383166,"Marketing","Band 2","Belgium","Female","25-34","1","Active"
76145662,"HR","Band 2","Belgium","Female","25-34","0","Active"
47144026,"HR","Band 2","Belgium","Female","25-34","1","Active"
36785152,"HR","Band 2","Poland","Female","25-34","2","Active"
24425450,"LSCM","Band 2","Poland","Female","25-34","0","Active"
11194076,"HR","Band 2","France","Female","25-34","0","Active"
67595935,"HR","Band 2","Netherlands","Female","25-34","1","Active"
78346880,"HR","Band 2","Spain","Female","25-34","1","Active"
38015466,"Sales","Band 2","Spain","Female","25-34","1","Terminated"
20614286,"Manufacturing","Band 2","Poland","Female","35-44","0","Active"
67335559,"Manufacturing","Band 2","Poland","Female","35-44","0","Active"
42103585,"R&D","Band 2","Germany","Female","35-44","0","Active"
85747584,"HR","Band 2","Belgium","Female","35-44","1","Active"
79325195,"HR","Band 2","Belgium","Female","35-44","0","Active"
38827994,"HR","Band 2","Poland","Female","35-44","0","Active"
51040910,"HR","Band 2","Poland","Female","35-44","5 to 7","Active"
83735610,"Manufacturing","Band 2","Poland","Female","45-54","3 to 4","Active"
51135168,"Manufacturing","Band 2","Poland","Female","45-54","1","Active"
79029112,"Manufacturing","Band 2","Poland","Female","45-54","8 to 11","Active"
84172732,"R&D","Band 2","Germany","Female","45-54","2","Active"
82404166,"LSCM","Band 2","Poland","Female","45-54","2","Active"
61911874,"Sales","Band 2","Netherlands","Female","45-54","2","Active"
72237551,"R&D","Band 2","Germany","Female","55+","0","Active"
63712037,"R&D","Band 2","Germany","Female","55+","1","Active"
87123278,"Marketing","Band 2","Belgium","Female","55+","1","Active"
58824583,"HR","Band 2","Belgium","Female","55+","2","Active"
36137266,"HR","Band 2","Netherlands","Female","55+","2","Active"
85749455,"HR","Band 2","Spain","Female","55+","1","Active"
20827331,"IT","Band 2","Belgium","Female","55+","3 to 4","Active"
45444334,"R&D","Band 3","Germany","Female","25-34","1","Active"
14306392,"Manufacturing","Band 3","Poland","Female","25-34","8 to 11","Active"
19083710,"Manufacturing","Band 3","Poland","Female","25-34","1","Active"
82708003,"HR","Band 3","Belgium","Female","25-34","0","Active"
76070376,"Marketing","Band 3","Belgium","Female","25-34","3 to 4","Active"
97199431,"Legal","Band 3","Belgium","Female","25-34","5 to 7","Active"
80044778,"Legal","Band 3","Belgium","Female","25-34","0","Active"
43943913,"HR","Band 3","Poland","Female","25-34","2","Active"
37857724,"Sales","Band 3","Spain","Female","25-34","1","Active"
53940090,"Sales","Band 3","Belgium","Female","25-34","0","Terminated"
85377711,"R&D","Band 3","Germany","Female","35-44","5 to 7","Active"
35782060,"R&D","Band 3","Germany","Female","35-44","3 to 4","Terminated"
14300535,"R&D","Band 3","Germany","Female","35-44","0","Active"
26071097,"Manufacturing","Band 3","Poland","Female","35-44","2","Active"
89394969,"Manufacturing","Band 3","Poland","Female","35-44","1","Active"
25188157,"Manufacturing","Band 3","Poland","Female","35-44","2","Active"
99847576,"Manufacturing","Band 3","Poland","Female","35-44","0","Active"
21644954,"Manufacturing","Band 3","Poland","Female","35-44","5 to 7","Active"
25784405,"HR","Band 3","Belgium","Female","35-44","8 to 11","Active"
44122087,"HR","Band 3","Belgium","Female","35-44","2","Active"
21872123,"HR","Band 3","Belgium","Female","35-44","1","Active"
29750389,"Marketing","Band 3","Belgium","Female","35-44","0","Active"
42582956,"Marketing","Band 3","Belgium","Female","35-44","2","Active"
73708834,"Legal","Band 3","Belgium","Female","35-44","2","Active"
24377514,"Sales","Band 3","Spain","Female","35-44","1","Active"
87913984,"HR","Band 3","France","Female","35-44","3 to 4","Active"
72023346,"LSCM","Band 3","Germany","Female","35-44","3 to 4","Active"
47047832,"LSCM","Band 3","Italy","Female","35-44","2","Active"
15621356,"LSCM","Band 3","Poland","Female","35-44","0","Active"
98757830,"LSCM","Band 3","Spain","Female","35-44","1","Active"
85555249,"Sales","Band 3","Germany","Female","35-44","5 to 7","Active"
48050523,"R&D","Band 3","Germany","Female","45-54","0","Active"
13600295,"R&D","Band 3","Germany","Female","45-54","1","Active"
78145717,"R&D","Band 3","Germany","Female","45-54","5 to 7","Active"
15969269,"Manufacturing","Band 3","Poland","Female","45-54","0","Active"
69991039,"HR","Band 3","Belgium","Female","45-54","1","Terminated"
92240955,"Marketing","Band 3","Belgium","Female","45-54","12+","Active"
35845061,"HR","Band 3","Poland","Female","45-54","2","Active"
84209448,"HR","Band 3","Spain","Female","45-54","3 to 4","Active"
46053484,"HR","Band 3","Germany","Female","45-54","1","Active"
44437058,"R&D","Band 3","Germany","Female","55+","8 to 11","Terminated"
24003742,"R&D","Band 3","Germany","Female","55+","0","Active"
81407964,"HR","Band 3","Spain","Female","55+","12+","Active"
78887815,"IT","Band 3","Germany","Female","55+","0","Active"
62960682,"R&D","Band 4","Germany","Female","35-44","1","Active"
30001361,"R&D","Band 4","Germany","Female","35-44","2","Active"
43981728,"HR","Band 4","Belgium","Female","35-44","0","Active"
34804594,"Sales","Band 4","Spain","Female","35-44","0","Active"
14438668,"HR","Band 4","Italy","Female","35-44","8 to 11","Active"
12912111,"Marketing","Band 4","Belgium","Female","35-44","0","Active"
14504606,"R&D","Band 4","Germany","Female","45-54","1","Active"
25066028,"R&D","Band 4","Germany","Female","45-54","1","Active"
56185951,"HR","Band 4","Belgium","Female","45-54","8 to 11","Active"
90580951,"Manufacturing","Band 4","Poland","Female","45-54","0","Active"
60263607,"HR","Band 4","Poland","Female","45-54","0","Active"
61140503,"Legal","Band 4","Belgium","Female","45-54","12+","Active"
83178589,"Legal","Band 4","Poland","Female","45-54","1","Active"
93524491,"HR","Band 4","Belgium","Female","55+","2","Active"
41352450,"Manufacturing","Band 4","Poland","Female","55+","12+","Active"
37095709,"Sales","Band 4","Spain","Female","55+","0","Active"
28748496,"HR","Band 4","France","Female","55+","2","Terminated"
58610491,"HR","Band 5","Belgium","Female","35-44","1","Active"
48199496,"Manufacturing","Band 5","Poland","Female","35-44","12+","Active"
21322070,"R&D","Band 5","Germany","Female","35-44","0","Active"
14154194,"HR","Band 5","Belgium","Female","45-54","2","Active"
44095419,"HR","Band 5","Belgium","Female","45-54","1","Active"
73743673,"Legal","Band 5","Belgium","Female","45-54","0","Active"
92649905,"Legal","Band 5","Belgium","Female","45-54","1","Active"
40129325,"IT","Band 5","Belgium","Female","45-54","5 to 7","Active"
55075495,"Sales","Band 5","Spain","Female","55+","2","Active"
64233129,"Sales","Band 5","Spain","Female","55+","1","Active"
64201647,"Legal","Band 6","Belgium","Female","45-54","0","Active"
63078808,"Marketing","Band 6","Belgium","Female","55+","1","Active"
39293228,"Manufacturing","Band 1","Poland","Male","18-24","3 to 4","Active"
99290039,"Manufacturing","Band 1","Poland","Male","18-24","2","Active"
99054721,"Manufacturing","Band 1","Poland","Male","18-24","1","Active"
57216828,"Manufacturing","Band 1","Poland","Male","18-24","0","Active"
63045337,"Manufacturing","Band 1","Poland","Male","18-24","3 to 4","Active"
91924380,"Manufacturing","Band 1","Poland","Male","18-24","0","Active"
85412315,"Manufacturing","Band 1","Poland","Male","18-24","1","Active"
51315596,"Manufacturing","Band 1","Poland","Male","18-24","1","Active"
69832017,"Manufacturing","Band 1","Poland","Male","18-24","0","Active"
71619795,"Manufacturing","Band 1","Poland","Male","18-24","2","Active"
76100545,"Manufacturing","Band 1","Poland","Male","18-24","0","Active"
44980757,"Manufacturing","Band 1","Poland","Male","18-24","1","Active"
19870658,"Manufacturing","Band 1","Poland","Male","18-24","2","Active"
19208004,"Manufacturing","Band 1","Poland","Male","18-24","1","Active"
55624616,"Manufacturing","Band 1","Poland","Male","18-24","1","Active"
14152643,"Manufacturing","Band 1","Poland","Male","18-24","0","Active"
48144402,"Manufacturing","Band 1","Poland","Male","18-24","0","Active"
81932345,"Manufacturing","Band 1","Poland","Male","18-24","3 to 4","Active"
46134275,"Manufacturing","Band 1","Poland","Male","18-24","0","Active"
47439015,"Manufacturing","Band 1","Poland","Male","18-24","3 to 4","Active"
21106681,"Manufacturing","Band 1","Poland","Male","18-24","1","Active"
89771752,"Manufacturing","Band 1","Poland","Male","18-24","0","Active"
74293089,"Manufacturing","Band 1","Poland","Male","18-24","0","Active"
51626451,"Manufacturing","Band 1","Poland","Male","18-24","0","Active"
42474307,"Manufacturing","Band 1","Poland","Male","18-24","2","Active"
23153808,"Manufacturing","Band 1","Poland","Male","18-24","0","Active"
24884978,"Manufacturing","Band 1","Poland","Male","18-24","1","Terminated"
19635161,"Manufacturing","Band 1","Poland","Male","18-24","5 to 7","Active"
32699661,"Manufacturing","Band 1","Poland","Male","18-24","5 to 7","Active"
51932867,"Manufacturing","Band 1","Poland","Male","18-24","2","Active"
15296089,"Manufacturing","Band 1","Poland","Male","18-24","0","Active"
58493494,"Manufacturing","Band 1","Poland","Male","18-24","0","Active"
40959288,"Manufacturing","Band 1","Poland","Male","18-24","5 to 7","Active"
14352955,"Manufacturing","Band 1","Poland","Male","18-24","0","Active"
27884141,"Manufacturing","Band 1","Poland","Male","18-24","3 to 4","Active"
80316563,"Manufacturing","Band 1","Poland","Male","18-24","1","Active"
86687184,"Manufacturing","Band 1","Poland","Male","18-24","3 to 4","Active"
24847622,"Manufacturing","Band 1","Poland","Male","18-24","0","Active"
23966331,"Manufacturing","Band 1","Poland","Male","18-24","1","Active"
61929717,"Manufacturing","Band 1","Poland","Male","18-24","3 to 4","Active"
35984392,"Manufacturing","Band 1","Poland","Male","18-24","1","Active"
38379057,"Manufacturing","Band 1","Poland","Male","18-24","5 to 7","Active"
44979352,"Manufacturing","Band 1","Poland","Male","18-24","1","Active"
55066992,"Manufacturing","Band 1","Poland","Male","18-24","5 to 7","Active"
71108821,"Manufacturing","Band 1","Poland","Male","18-24","1","Active"
15813891,"Manufacturing","Band 1","Poland","Male","18-24","0","Active"
57422151,"Manufacturing","Band 1","Poland","Male","18-24","1","Active"
80230390,"Manufacturing","Band 1","Poland","Male","18-24","1","Active"
93198510,"Manufacturing","Band 1","Poland","Male","18-24","0","Active"
63665406,"Manufacturing","Band 1","Poland","Male","18-24","1","Active"
34748572,"Manufacturing","Band 1","Poland","Male","18-24","2","Active"
80139699,"Manufacturing","Band 1","Poland","Male","18-24","0","Active"
84296176,"Manufacturing","Band 1","Poland","Male","18-24","0","Active"
39997618,"Manufacturing","Band 1","Poland","Male","18-24","0","Terminated"
47006886,"Manufacturing","Band 1","Poland","Male","18-24","3 to 4","Active"
86866784,"Manufacturing","Band 1","Poland","Male","18-24","5 to 7","Active"
18048199,"Manufacturing","Band 1","Poland","Male","18-24","1","Active"
68884312,"Manufacturing","Band 1","Poland","Male","18-24","2","Active"
23752644,"Manufacturing","Band 1","Poland","Male","18-24","3 to 4","Active"
29361453,"Manufacturing","Band 1","Poland","Male","18-24","2","Active"
49790651,"Manufacturing","Band 1","Poland","Male","18-24","0","Active"
80125170,"Manufacturing","Band 1","Poland","Male","18-24","1","Active"
92221980,"Manufacturing","Band 1","Poland","Male","18-24","1","Active"
72558374,"Manufacturing","Band 1","Poland","Male","18-24","0","Active"
95175411,"Manufacturing","Band 1","Poland","Male","18-24","3 to 4","Active"
22260843,"Manufacturing","Band 1","Poland","Male","18-24","0","Active"
31009203,"Manufacturing","Band 1","Poland","Male","18-24","3 to 4","Terminated"
78199001,"Manufacturing","Band 1","Poland","Male","18-24","2","Active"
53001885,"Manufacturing","Band 1","Poland","Male","18-24","1","Terminated"
60778918,"Manufacturing","Band 1","Poland","Male","18-24","0","Terminated"
18845501,"Manufacturing","Band 1","Poland","Male","18-24","5 to 7","Active"
59589115,"Manufacturing","Band 1","Poland","Male","18-24","0","Terminated"
55241242,"Manufacturing","Band 1","Poland","Male","18-24","0","Active"
82089916,"Manufacturing","Band 1","Poland","Male","18-24","3 to 4","Terminated"
84138718,"Manufacturing","Band 1","Poland","Male","18-24","0","Active"
94788358,"Manufacturing","Band 1","Poland","Male","18-24","0","Terminated"
21692087,"Manufacturing","Band 1","Poland","Male","18-24","1","Active"
96161876,"Manufacturing","Band 1","Poland","Male","18-24","0","Active"
88080126,"Manufacturing","Band 1","Poland","Male","18-24","2","Active"
17060025,"Manufacturing","Band 1","Poland","Male","18-24","2","Active"
24612009,"Manufacturing","Band 1","Poland","Male","18-24","0","Terminated"
86529992,"Manufacturing","Band 1","Poland","Male","18-24","1","Active"
24835620,"Manufacturing","Band 1","Poland","Male","18-24","0","Active"
72556911,"Manufacturing","Band 1","Poland","Male","18-24","3 to 4","Terminated"
22276555,"Manufacturing","Band 1","Poland","Male","18-24","0","Active"
34507262,"Manufacturing","Band 1","Poland","Male","18-24","0","Terminated"
88452226,"Manufacturing","Band 1","Poland","Male","18-24","3 to 4","Terminated"
89808303,"Manufacturing","Band 1","Poland","Male","18-24","1","Terminated"
20503311,"Manufacturing","Band 1","Poland","Male","18-24","3 to 4","Active"
71114469,"Manufacturing","Band 1","Poland","Male","18-24","1","Active"
23566165,"Manufacturing","Band 1","Poland","Male","18-24","2","Active"
51976568,"Manufacturing","Band 1","Poland","Male","18-24","0","Active"
57768188,"Manufacturing","Band 1","Poland","Male","18-24","0","Active"
53276854,"Manufacturing","Band 1","Poland","Male","18-24","1","Active"
87617005,"Manufacturing","Band 1","Poland","Male","18-24","3 to 4","Active"
78240604,"Manufacturing","Band 1","Poland","Male","18-24","1","Active"
42198128,"Manufacturing","Band 1","Poland","Male","18-24","0","Active"
30477406,"Manufacturing","Band 1","Poland","Male","18-24","0","Active"
83631799,"Manufacturing","Band 1","Poland","Male","18-24","0","Active"
13771508,"Manufacturing","Band 1","Poland","Male","18-24","0","Terminated"
18038024,"Manufacturing","Band 1","Poland","Male","18-24","0","Active"
20020597,"Manufacturing","Band 1","Poland","Male","18-24","5 to 7","Active"
17903065,"Manufacturing","Band 1","Poland","Male","18-24","3 to 4","Active"
91329801,"Manufacturing","Band 1","Poland","Male","18-24","1","Active"
19272659,"Manufacturing","Band 1","Poland","Male","18-24","2","Terminated"
98663021,"Manufacturing","Band 1","Poland","Male","18-24","3 to 4","Terminated"
58714188,"Manufacturing","Band 1","Poland","Male","18-24","0","Active"
49465204,"Manufacturing","Band 1","Poland","Male","18-24","2","Active"
35595002,"Manufacturing","Band 1","Poland","Male","18-24","0","Active"
60905830,"Manufacturing","Band 1","Poland","Male","18-24","0","Terminated"
62021779,"Manufacturing","Band 1","Poland","Male","18-24","0","Active"
42307511,"Manufacturing","Band 1","Poland","Male","18-24","0","Terminated"
54181106,"Manufacturing","Band 1","Poland","Male","18-24","0","Active"
17666845,"Manufacturing","Band 1","Poland","Male","18-24","1","Active"
47677582,"Manufacturing","Band 1","Poland","Male","18-24","0","Active"
60983788,"Manufacturing","Band 1","Poland","Male","18-24","0","Terminated"
12154095,"Manufacturing","Band 1","Poland","Male","18-24","0","Active"
33006811,"Manufacturing","Band 1","Poland","Male","18-24","0","Active"
63476603,"Manufacturing","Band 1","Poland","Male","18-24","0","Active"
92155903,"Manufacturing","Band 1","Poland","Male","18-24","1","Active"
61791094,"Manufacturing","Band 1","Poland","Male","18-24","0","Active"
45877884,"Manufacturing","Band 1","Poland","Male","18-24","2","Active"
99329194,"Manufacturing","Band 1","Poland","Male","18-24","0","Active"
27019766,"Manufacturing","Band 1","Poland","Male","18-24","2","Active"
97695141,"Manufacturing","Band 1","Poland","Male","18-24","2","Active"
12354934,"Manufacturing","Band 1","Poland","Male","18-24","1","Active"
93985776,"Manufacturing","Band 1","Poland","Male","18-24","0","Active"
50918531,"Manufacturing","Band 1","Poland","Male","18-24","2","Active"
44678699,"Manufacturing","Band 1","Poland","Male","18-24","0","Terminated"
49845997,"Manufacturing","Band 1","Poland","Male","18-24","1","Active"
13222946,"Manufacturing","Band 1","Poland","Male","18-24","2","Active"
98344508,"Manufacturing","Band 1","Poland","Male","18-24","5 to 7","Active"
79062091,"Manufacturing","Band 1","Poland","Male","18-24","0","Active"
87344189,"Manufacturing","Band 1","Poland","Male","18-24","0","Active"
45371115,"Manufacturing","Band 1","Poland","Male","18-24","1","Active"
39140758,"Manufacturing","Band 1","Poland","Male","18-24","0","Active"
90307443,"Manufacturing","Band 1","Poland","Male","18-24","3 to 4","Active"
68196246,"Manufacturing","Band 1","Poland","Male","18-24","0","Terminated"
23039651,"Manufacturing","Band 1","Poland","Male","18-24","3 to 4","Active"
80027273,"Manufacturing","Band 1","Poland","Male","18-24","0","Active"
62260096,"Manufacturing","Band 1","Poland","Male","18-24","2","Active"
76253795,"Manufacturing","Band 1","Poland","Male","18-24","3 to 4","Active"
73653297,"Manufacturing","Band 1","Poland","Male","18-24","0","Active"
62583050,"Manufacturing","Band 1","Poland","Male","18-24","2","Active"
32494652,"Manufacturing","Band 1","Poland","Male","18-24","2","Active"
23487631,"Manufacturing","Band 1","Poland","Male","18-24","0","Active"
79204895,"Manufacturing","Band 1","Poland","Male","18-24","1","Terminated"
28266297,"Manufacturing","Band 1","Poland","Male","18-24","2","Active"
88936117,"Manufacturing","Band 1","Poland","Male","18-24","1","Active"
23728086,"Manufacturing","Band 1","Poland","Male","18-24","0","Active"
52469660,"Manufacturing","Band 1","Poland","Male","18-24","1","Active"
38375329,"Manufacturing","Band 1","Poland","Male","18-24","0","Active"
75041446,"Manufacturing","Band 1","Poland","Male","18-24","0","Active"
41168300,"Manufacturing","Band 1","Poland","Male","18-24","5 to 7","Terminated"
70550217,"Manufacturing","Band 1","Poland","Male","18-24","1","Active"
41117472,"Manufacturing","Band 1","Poland","Male","18-24","1","Active"
50819001,"Manufacturing","Band 1","Poland","Male","18-24","1","Active"
99670154,"Manufacturing","Band 1","Poland","Male","18-24","2","Active"
41626482,"Manufacturing","Band 1","Poland","Male","18-24","1","Terminated"
25904278,"Manufacturing","Band 1","Poland","Male","18-24","1","Active"
15442205,"Manufacturing","Band 1","Poland","Male","18-24","2","Active"
79052250,"Manufacturing","Band 1","Poland","Male","18-24","1","Active"
59187953,"Manufacturing","Band 1","Poland","Male","18-24","3 to 4","Active"
91640881,"Manufacturing","Band 1","Poland","Male","18-24","0","Terminated"
82678451,"Manufacturing","Band 1","Poland","Male","18-24","2","Active"
87534872,"Manufacturing","Band 1","Poland","Male","18-24","0","Active"
51746069,"Manufacturing","Band 1","Poland","Male","18-24","1","Active"
37555899,"Manufacturing","Band 1","Poland","Male","18-24","1","Terminated"
15792036,"Manufacturing","Band 1","Poland","Male","18-24","0","Active"
61819449,"Manufacturing","Band 1","Poland","Male","18-24","0","Terminated"
60851649,"Manufacturing","Band 1","Poland","Male","18-24","0","Active"
80224848,"Manufacturing","Band 1","Poland","Male","18-24","2","Active"
93495776,"Manufacturing","Band 1","Poland","Male","18-24","5 to 7","Active"
79421510,"Manufacturing","Band 1","Poland","Male","18-24","0","Terminated"
15258409,"Manufacturing","Band 1","Poland","Male","18-24","0","Active"
40800302,"Manufacturing","Band 1","Poland","Male","18-24","1","Terminated"
93254758,"Manufacturing","Band 1","Poland","Male","18-24","1","Active"
96557102,"Manufacturing","Band 1","Poland","Male","18-24","0","Active"
21707684,"Manufacturing","Band 1","Poland","Male","18-24","0","Terminated"
22763660,"Manufacturing","Band 1","Poland","Male","18-24","1","Active"
18136851,"Manufacturing","Band 1","Poland","Male","18-24","1","Active"
15922540,"Manufacturing","Band 1","Poland","Male","18-24","3 to 4","Active"
84239977,"Manufacturing","Band 1","Poland","Male","18-24","0","Active"
46572324,"Manufacturing","Band 1","Poland","Male","18-24","0","Active"
30151032,"Manufacturing","Band 1","Poland","Male","18-24","0","Active"
29500223,"Manufacturing","Band 1","Poland","Male","18-24","3 to 4","Active"
67242577,"Manufacturing","Band 1","Poland","Male","18-24","1","Terminated"
80236576,"Manufacturing","Band 1","Poland","Male","18-24","2","Terminated"
19668562,"Manufacturing","Band 1","Poland","Male","18-24","0","Active"
37843925,"Manufacturing","Band 1","Poland","Male","18-24","2","Active"
83580610,"Manufacturing","Band 1","Poland","Male","18-24","1","Terminated"
91209885,"Manufacturing","Band 1","Poland","Male","18-24","1","Active"
67727834,"Manufacturing","Band 1","Poland","Male","18-24","1","Active"
29957065,"Manufacturing","Band 1","Poland","Male","18-24","1","Active"
53494284,"Manufacturing","Band 1","Poland","Male","18-24","0","Active"
69802317,"Manufacturing","Band 1","Poland","Male","18-24","1","Active"
29053867,"Manufacturing","Band 1","Poland","Male","18-24","1","Active"
52050039,"Manufacturing","Band 1","Poland","Male","18-24","0","Active"
56864474,"Manufacturing","Band 1","Poland","Male","18-24","0","Active"
72017656,"Manufacturing","Band 1","Poland","Male","18-24","0","Terminated"
19241332,"Manufacturing","Band 1","Poland","Male","18-24","0","Active"
96334745,"Manufacturing","Band 1","Poland","Male","18-24","0","Active"
67910248,"Manufacturing","Band 1","Poland","Male","18-24","0","Active"
67307915,"Manufacturing","Band 1","Poland","Male","18-24","0","Terminated"
36497776,"Manufacturing","Band 1","Poland","Male","18-24","1","Active"
29395822,"Manufacturing","Band 1","Poland","Male","18-24","1","Active"
97933600,"Manufacturing","Band 1","Poland","Male","18-24","1","Active"
63170099,"Manufacturing","Band 1","Poland","Male","18-24","1","Active"
80707416,"Manufacturing","Band 1","Poland","Male","18-24","0","Active"
19331925,"Manufacturing","Band 1","Poland","Male","18-24","3 to 4","Active"
74537829,"Manufacturing","Band 1","Poland","Male","18-24","0","Active"
76400867,"Manufacturing","Band 1","Poland","Male","18-24","1","Active"
69769667,"Manufacturing","Band 1","Poland","Male","18-24","2","Active"
66857816,"Manufacturing","Band 1","Poland","Male","18-24","0","Terminated"
22336445,"Manufacturing","Band 1","Poland","Male","18-24","1","Active"
85685275,"Manufacturing","Band 1","Poland","Male","18-24","0","Terminated"
65099752,"Manufacturing","Band 1","Poland","Male","18-24","0","Terminated"
81824419,"Manufacturing","Band 1","Poland","Male","18-24","0","Active"
15142629,"Manufacturing","Band 1","Poland","Male","18-24","2","Active"
33069301,"Manufacturing","Band 1","Poland","Male","18-24","1","Active"
19679177,"Manufacturing","Band 1","Poland","Male","18-24","2","Active"
83704959,"Manufacturing","Band 1","Poland","Male","18-24","5 to 7","Active"
58250305,"Manufacturing","Band 1","Poland","Male","18-24","0","Terminated"
12530447,"Manufacturing","Band 1","Poland","Male","18-24","0","Active"
75970943,"Manufacturing","Band 1","Poland","Male","18-24","0","Active"
73236853,"Manufacturing","Band 1","Poland","Male","18-24","0","Active"
89100624,"Manufacturing","Band 1","Poland","Male","18-24","0","Active"
25307979,"Manufacturing","Band 1","Poland","Male","18-24","0","Terminated"
21690699,"Manufacturing","Band 1","Poland","Male","18-24","2","Active"
92599531,"Manufacturing","Band 1","Poland","Male","18-24","1","Active"
45874272,"Manufacturing","Band 1","Poland","Male","18-24","0","Terminated"
74166457,"Manufacturing","Band 1","Poland","Male","18-24","0","Active"
86090014,"Manufacturing","Band 1","Poland","Male","18-24","2","Active"
88273316,"Manufacturing","Band 1","Poland","Male","18-24","2","Active"
78977421,"Manufacturing","Band 1","Poland","Male","18-24","0","Active"
73031257,"Manufacturing","Band 1","Poland","Male","18-24","2","Active"
52210063,"Manufacturing","Band 1","Poland","Male","18-24","0","Active"
83722385,"Manufacturing","Band 1","Poland","Male","18-24","0","Active"
76645977,"Manufacturing","Band 1","Poland","Male","18-24","1","Active"
62402961,"Manufacturing","Band 1","Poland","Male","18-24","0","Active"
21173113,"Manufacturing","Band 1","Poland","Male","18-24","3 to 4","Active"
13642977,"Manufacturing","Band 1","Poland","Male","18-24","0","Terminated"
56223410,"Manufacturing","Band 1","Poland","Male","18-24","1","Active"
99456123,"Manufacturing","Band 1","Poland","Male","18-24","0","Active"
42865990,"LSCM","Band 1","Poland","Male","18-24","0","Active"
81339436,"LSCM","Band 1","Poland","Male","18-24","0","Terminated"
60713350,"LSCM","Band 1","Poland","Male","18-24","1","Terminated"
74335643,"LSCM","Band 1","Poland","Male","18-24","0","Active"
81912418,"LSCM","Band 1","Poland","Male","18-24","1","Active"
89617493,"LSCM","Band 1","Poland","Male","18-24","1","Active"
59718894,"LSCM","Band 1","Poland","Male","18-24","1","Active"
15428455,"LSCM","Band 1","Poland","Male","18-24","2","Active"
76829100,"LSCM","Band 1","Poland","Male","18-24","0","Active"
32817687,"LSCM","Band 1","Poland","Male","18-24","3 to 4","Active"
33779189,"LSCM","Band 1","Poland","Male","18-24","3 to 4","Active"
93379446,"LSCM","Band 1","Poland","Male","18-24","1","Active"
51710870,"LSCM","Band 1","Poland","Male","18-24","0","Active"
91159216,"LSCM","Band 1","Poland","Male","18-24","1","Active"
45010288,"LSCM","Band 1","Poland","Male","18-24","1","Active"
81385880,"LSCM","Band 1","Poland","Male","18-24","5 to 7","Active"
41301893,"LSCM","Band 1","Poland","Male","18-24","1","Active"
62275852,"LSCM","Band 1","Poland","Male","18-24","5 to 7","Active"
21171809,"LSCM","Band 1","Poland","Male","18-24","2","Active"
81347625,"LSCM","Band 1","Poland","Male","18-24","0","Active"
77961370,"LSCM","Band 1","Poland","Male","18-24","2","Active"
77325706,"LSCM","Band 1","Poland","Male","18-24","3 to 4","Active"
51808039,"LSCM","Band 1","Poland","Male","18-24","1","Terminated"
90759814,"LSCM","Band 1","Poland","Male","18-24","0","Terminated"
49094935,"LSCM","Band 1","Poland","Male","18-24","0","Active"
11467091,"LSCM","Band 1","Poland","Male","18-24","1","Active"
36515197,"LSCM","Band 1","Poland","Male","18-24","2","Active"
55506805,"LSCM","Band 1","Poland","Male","18-24","1","Active"
82815567,"LSCM","Band 1","Poland","Male","18-24","0","Active"
54739718,"LSCM","Band 1","Poland","Male","18-24","1","Terminated"
44413476,"LSCM","Band 1","Poland","Male","18-24","0","Active"
28612495,"LSCM","Band 1","Poland","Male","18-24","0","Active"
36878383,"LSCM","Band 1","Belgium","Male","18-24","2","Active"
85698969,"LSCM","Band 1","Belgium","Male","18-24","2","Active"
48403146,"LSCM","Band 1","Belgium","Male","18-24","3 to 4","Active"
82116564,"LSCM","Band 1","Belgium","Male","18-24","3 to 4","Active"
60782452,"LSCM","Band 1","Belgium","Male","18-24","1","Active"
28669086,"LSCM","Band 1","Belgium","Male","18-24","0","Active"
11406602,"LSCM","Band 1","Belgium","Male","18-24","0","Active"
54054650,"LSCM","Band 1","Spain","Male","18-24","0","Active"
83118184,"LSCM","Band 1","Spain","Male","18-24","2","Active"
45021484,"LSCM","Band 1","Spain","Male","18-24","2","Terminated"
75600491,"LSCM","Band 1","Spain","Male","18-24","1","Active"
62790220,"LSCM","Band 1","Spain","Male","18-24","3 to 4","Active"
41170541,"LSCM","Band 1","Germany","Male","18-24","0","Active"
85368148,"LSCM","Band 1","Germany","Male","18-24","0","Active"
24463144,"LSCM","Band 1","Germany","Male","18-24","2","Terminated"
83781736,"Sales","Band 1","Spain","Male","18-24","1","Active"
83470662,"Sales","Band 1","Spain","Male","18-24","0","Active"
25165558,"Sales","Band 1","France","Male","18-24","0","Active"
67257946,"Sales","Band 1","France","Male","18-24","1","Terminated"
84807556,"Sales","Band 1","France","Male","18-24","1","Active"
29545249,"Sales","Band 1","France","Male","18-24","3 to 4","Terminated"
43952610,"LSCM","Band 1","France","Male","18-24","0","Active"
78932819,"LSCM","Band 1","Italy","Male","18-24","1","Active"
20739492,"Sales","Band 1","Germany","Male","18-24","0","Active"
76087796,"Sales","Band 1","Germany","Male","18-24","3 to 4","Active"
63606034,"LSCM","Band 1","Netherlands","Male","18-24","0","Terminated"
70433551,"Sales","Band 1","Poland","Male","18-24","0","Active"
66170913,"Sales","Band 1","Poland","Male","18-24","1","Active"
52345703,"Sales","Band 1","Italy","Male","18-24","0","Active"
93943326,"Manufacturing","Band 1","Poland","Male","25-34","5 to 7","Active"
53798077,"Manufacturing","Band 1","Poland","Male","25-34","0","Active"
61881369,"Manufacturing","Band 1","Poland","Male","25-34","1","Active"
80295112,"Manufacturing","Band 1","Poland","Male","25-34","2","Active"
73671650,"Manufacturing","Band 1","Poland","Male","25-34","0","Active"
57791822,"Manufacturing","Band 1","Poland","Male","25-34","1","Active"
20220516,"Manufacturing","Band 1","Poland","Male","25-34","2","Active"
99745108,"Manufacturing","Band 1","Poland","Male","25-34","5 to 7","Active"
58062796,"Manufacturing","Band 1","Poland","Male","25-34","3 to 4","Active"
81008601,"Manufacturing","Band 1","Poland","Male","25-34","0","Active"
44292648,"Manufacturing","Band 1","Poland","Male","25-34","1","Active"
54325060,"Manufacturing","Band 1","Poland","Male","25-34","1","Active"
40752645,"Manufacturing","Band 1","Poland","Male","25-34","1","Active"
86228538,"Manufacturing","Band 1","Poland","Male","25-34","0","Terminated"
29748303,"Manufacturing","Band 1","Poland","Male","25-34","2","Active"
26578622,"Manufacturing","Band 1","Poland","Male","25-34","0","Active"
97126515,"Manufacturing","Band 1","Poland","Male","25-34","2","Active"
78804977,"Manufacturing","Band 1","Poland","Male","25-34","0","Active"
72729418,"Manufacturing","Band 1","Poland","Male","25-34","2","Active"
29279053,"Manufacturing","Band 1","Poland","Male","25-34","2","Active"
45902259,"Manufacturing","Band 1","Poland","Male","25-34","0","Active"
36947196,"Manufacturing","Band 1","Poland","Male","25-34","3 to 4","Active"
12017152,"Manufacturing","Band 1","Poland","Male","25-34","3 to 4","Active"
44123101,"Manufacturing","Band 1","Poland","Male","25-34","0","Terminated"
45272215,"Manufacturing","Band 1","Poland","Male","25-34","0","Active"
13192636,"Manufacturing","Band 1","Poland","Male","25-34","5 to 7","Active"
93512033,"Manufacturing","Band 1","Poland","Male","25-34","3 to 4","Active"
18464300,"Manufacturing","Band 1","Poland","Male","25-34","8 to 11","Active"
26426125,"Manufacturing","Band 1","Poland","Male","25-34","0","Terminated"
94690503,"Manufacturing","Band 1","Poland","Male","25-34","1","Active"
35251823,"Manufacturing","Band 1","Poland","Male","25-34","3 to 4","Active"
48468178,"Manufacturing","Band 1","Poland","Male","25-34","5 to 7","Active"
52802833,"Manufacturing","Band 1","Poland","Male","25-34","1","Active"
32314451,"Manufacturing","Band 1","Poland","Male","25-34","1","Active"
37344163,"Manufacturing","Band 1","Poland","Male","25-34","3 to 4","Active"
94138382,"Manufacturing","Band 1","Poland","Male","25-34","8 to 11","Active"
17139173,"Manufacturing","Band 1","Poland","Male","25-34","0","Active"
96746894,"Manufacturing","Band 1","Poland","Male","25-34","1","Active"
32725072,"Manufacturing","Band 1","Poland","Male","25-34","2","Active"
91250815,"Manufacturing","Band 1","Poland","Male","25-34","2","Active"
47546816,"Manufacturing","Band 1","Poland","Male","25-34","1","Active"
50725050,"Manufacturing","Band 1","Poland","Male","25-34","1","Active"
74099280,"Manufacturing","Band 1","Poland","Male","25-34","2","Active"
14462020,"Manufacturing","Band 1","Poland","Male","25-34","5 to 7","Active"
18110740,"Manufacturing","Band 1","Poland","Male","25-34","12+","Active"
15569617,"Manufacturing","Band 1","Poland","Male","25-34","0","Active"
12650812,"Manufacturing","Band 1","Poland","Male","25-34","0","Active"
71525641,"Manufacturing","Band 1","Poland","Male","25-34","3 to 4","Active"
72569336,"Manufacturing","Band 1","Poland","Male","25-34","2","Active"
93962204,"Manufacturing","Band 1","Poland","Male","25-34","5 to 7","Active"
22890767,"Manufacturing","Band 1","Poland","Male","25-34","0","Active"
35095484,"Manufacturing","Band 1","Poland","Male","25-34","1","Active"
42457922,"Manufacturing","Band 1","Poland","Male","25-34","2","Terminated"
53691155,"Manufacturing","Band 1","Poland","Male","25-34","1","Active"
78611328,"Manufacturing","Band 1","Poland","Male","25-34","5 to 7","Active"
36086766,"Manufacturing","Band 1","Poland","Male","25-34","12+","Active"
74059239,"Manufacturing","Band 1","Poland","Male","25-34","2","Active"
16725355,"Manufacturing","Band 1","Poland","Male","25-34","1","Active"
53645940,"Manufacturing","Band 1","Poland","Male","25-34","0","Terminated"
36526899,"Manufacturing","Band 1","Poland","Male","25-34","1","Active"
42046168,"Manufacturing","Band 1","Poland","Male","25-34","3 to 4","Active"
63967157,"Manufacturing","Band 1","Poland","Male","25-34","5 to 7","Active"
18661631,"Manufacturing","Band 1","Poland","Male","25-34","5 to 7","Active"
61938427,"Manufacturing","Band 1","Poland","Male","25-34","3 to 4","Active"
37017083,"Manufacturing","Band 1","Poland","Male","25-34","0","Active"
59210893,"Manufacturing","Band 1","Poland","Male","25-34","12+","Active"
34804509,"Manufacturing","Band 1","Poland","Male","25-34","2","Active"
91193889,"Manufacturing","Band 1","Poland","Male","25-34","1","Terminated"
38011367,"Manufacturing","Band 1","Poland","Male","25-34","2","Active"
60881335,"Manufacturing","Band 1","Poland","Male","25-34","5 to 7","Active"
98043173,"Manufacturing","Band 1","Poland","Male","25-34","3 to 4","Active"
51039786,"Manufacturing","Band 1","Poland","Male","25-34","2","Terminated"
72567147,"Manufacturing","Band 1","Poland","Male","25-34","1","Active"
88705478,"Manufacturing","Band 1","Poland","Male","25-34","12+","Active"
15653610,"Manufacturing","Band 1","Poland","Male","25-34","8 to 11","Active"
53049435,"Manufacturing","Band 1","Poland","Male","25-34","2","Active"
66296206,"Manufacturing","Band 1","Poland","Male","25-34","0","Active"
59214473,"Manufacturing","Band 1","Poland","Male","25-34","1","Active"
64993210,"Manufacturing","Band 1","Poland","Male","25-34","3 to 4","Active"
12194245,"Manufacturing","Band 1","Poland","Male","25-34","1","Active"
47377497,"Manufacturing","Band 1","Poland","Male","25-34","0","Terminated"
70522622,"Manufacturing","Band 1","Poland","Male","25-34","0","Active"
85919902,"Manufacturing","Band 1","Poland","Male","25-34","0","Active"
70232060,"Manufacturing","Band 1","Poland","Male","25-34","1","Terminated"
66233340,"Manufacturing","Band 1","Poland","Male","25-34","2","Terminated"
77403542,"Manufacturing","Band 1","Poland","Male","25-34","0","Terminated"
74006139,"Manufacturing","Band 1","Poland","Male","25-34","0","Active"
55257673,"Manufacturing","Band 1","Poland","Male","25-34","2","Active"
41862134,"Manufacturing","Band 1","Poland","Male","25-34","1","Active"
70225233,"Manufacturing","Band 1","Poland","Male","25-34","2","Active"
25144369,"LSCM","Band 1","Poland","Male","25-34","2","Active"
97580604,"LSCM","Band 1","Poland","Male","25-34","0","Terminated"
42563394,"LSCM","Band 1","Poland","Male","25-34","2","Active"
16898489,"LSCM","Band 1","Poland","Male","25-34","2","Active"
25966602,"LSCM","Band 1","Poland","Male","25-34","0","Terminated"
23058357,"LSCM","Band 1","Poland","Male","25-34","0","Active"
25601809,"LSCM","Band 1","Poland","Male","25-34","1","Active"
81748827,"LSCM","Band 1","Poland","Male","25-34","3 to 4","Active"
74528816,"LSCM","Band 1","Poland","Male","25-34","1","Active"
14221884,"LSCM","Band 1","Poland","Male","25-34","1","Terminated"
34084163,"LSCM","Band 1","Poland","Male","25-34","2","Active"
56045430,"LSCM","Band 1","Belgium","Male","25-34","0","Active"
56975922,"LSCM","Band 1","Spain","Male","25-34","5 to 7","Active"
57368600,"LSCM","Band 1","Spain","Male","25-34","0","Active"
11419184,"LSCM","Band 1","Spain","Male","25-34","2","Active"
28219883,"LSCM","Band 1","Germany","Male","25-34","3 to 4","Active"
12363894,"Sales","Band 1","Spain","Male","25-34","3 to 4","Active"
66322258,"Sales","Band 1","Spain","Male","25-34","1","Active"
64315837,"Sales","Band 1","Spain","Male","25-34","3 to 4","Active"
58317293,"Sales","Band 1","Spain","Male","25-34","8 to 11","Terminated"
63630978,"LSCM","Band 1","France","Male","25-34","2","Active"
50385135,"LSCM","Band 1","Italy","Male","25-34","8 to 11","Active"
66857676,"LSCM","Band 1","Italy","Male","25-34","0","Active"
39846530,"Sales","Band 1","Germany","Male","25-34","3 to 4","Active"
35997923,"LSCM","Band 1","Netherlands","Male","25-34","0","Active"
31546152,"Sales","Band 1","Netherlands","Male","25-34","0","Active"
12300863,"Manufacturing","Band 1","Poland","Male","35-44","2","Active"
15280587,"Manufacturing","Band 1","Poland","Male","35-44","3 to 4","Active"
81812334,"Manufacturing","Band 1","Poland","Male","35-44","2","Active"
63765319,"Manufacturing","Band 1","Poland","Male","35-44","0","Terminated"
89620513,"Manufacturing","Band 1","Poland","Male","35-44","0","Active"
89503710,"Manufacturing","Band 1","Poland","Male","35-44","0","Active"
99798778,"Manufacturing","Band 1","Poland","Male","35-44","0","Terminated"
27173373,"Manufacturing","Band 1","Poland","Male","35-44","2","Active"
18507888,"Manufacturing","Band 1","Poland","Male","35-44","5 to 7","Active"
33493699,"Manufacturing","Band 1","Poland","Male","35-44","1","Active"
87338887,"Manufacturing","Band 1","Poland","Male","35-44","2","Active"
40539602,"Manufacturing","Band 1","Poland","Male","35-44","1","Active"
53539418,"Manufacturing","Band 1","Poland","Male","35-44","1","Active"
76353394,"Manufacturing","Band 1","Poland","Male","35-44","8 to 11","Active"
12862796,"Manufacturing","Band 1","Poland","Male","35-44","1","Active"
46521979,"Manufacturing","Band 1","Poland","Male","35-44","0","Terminated"
20449278,"Manufacturing","Band 1","Poland","Male","35-44","8 to 11","Active"
85540869,"Manufacturing","Band 1","Poland","Male","35-44","0","Active"
72846913,"Manufacturing","Band 1","Poland","Male","35-44","1","Active"
95237783,"Manufacturing","Band 1","Poland","Male","35-44","2","Active"
73003505,"Manufacturing","Band 1","Poland","Male","35-44","3 to 4","Active"
19603527,"Manufacturing","Band 1","Poland","Male","35-44","0","Active"
30978138,"Manufacturing","Band 1","Poland","Male","35-44","1","Active"
90919552,"Manufacturing","Band 1","Poland","Male","35-44","0","Active"
59487577,"Manufacturing","Band 1","Poland","Male","35-44","0","Active"
71041254,"Manufacturing","Band 1","Poland","Male","35-44","2","Active"
52911955,"Manufacturing","Band 1","Poland","Male","35-44","1","Active"
95900388,"Manufacturing","Band 1","Poland","Male","35-44","2","Active"
65128730,"Manufacturing","Band 1","Poland","Male","35-44","2","Terminated"
96508448,"Manufacturing","Band 1","Poland","Male","35-44","5 to 7","Active"
75557365,"Manufacturing","Band 1","Poland","Male","35-44","0","Active"
95808739,"Manufacturing","Band 1","Poland","Male","35-44","2","Active"
14705750,"Manufacturing","Band 1","Poland","Male","35-44","5 to 7","Active"
63787834,"Manufacturing","Band 1","Poland","Male","35-44","1","Active"
76178860,"Manufacturing","Band 1","Poland","Male","35-44","1","Terminated"
96173203,"Manufacturing","Band 1","Poland","Male","35-44","5 to 7","Active"
50098629,"Manufacturing","Band 1","Poland","Male","35-44","2","Active"
38399520,"Manufacturing","Band 1","Poland","Male","35-44","8 to 11","Active"
72388000,"LSCM","Band 1","Poland","Male","35-44","0","Terminated"
40410597,"LSCM","Band 1","Poland","Male","35-44","3 to 4","Active"
70981145,"LSCM","Band 1","Belgium","Male","35-44","12+","Active"
49460625,"LSCM","Band 1","Belgium","Male","35-44","0","Active"
74188424,"LSCM","Band 1","Germany","Male","35-44","2","Active"
90370464,"LSCM","Band 1","Germany","Male","35-44","2","Active"
53884149,"LSCM","Band 1","Italy","Male","35-44","2","Active"
87872478,"Sales","Band 1","Poland","Male","35-44","1","Active"
64767210,"Manufacturing","Band 1","Poland","Male","45-54","0","Terminated"
76643373,"Manufacturing","Band 1","Poland","Male","45-54","8 to 11","Terminated"
21971840,"Manufacturing","Band 1","Poland","Male","45-54","5 to 7","Active"
89081318,"Manufacturing","Band 1","Poland","Male","45-54","1","Active"
97096725,"Manufacturing","Band 1","Poland","Male","45-54","1","Active"
66060605,"Manufacturing","Band 1","Poland","Male","45-54","0","Active"
49254170,"Manufacturing","Band 1","Poland","Male","45-54","0","Active"
83393616,"Manufacturing","Band 1","Poland","Male","45-54","1","Active"
58851349,"Manufacturing","Band 1","Poland","Male","45-54","8 to 11","Terminated"
84566108,"Manufacturing","Band 1","Poland","Male","45-54","2","Active"
89337759,"Manufacturing","Band 1","Poland","Male","45-54","1","Active"
22659288,"Manufacturing","Band 1","Poland","Male","45-54","12+","Active"
47582232,"Manufacturing","Band 1","Poland","Male","45-54","5 to 7","Active"
90269338,"Manufacturing","Band 1","Poland","Male","45-54","1","Active"
42624240,"Manufacturing","Band 1","Poland","Male","45-54","1","Active"
67439890,"Manufacturing","Band 1","Poland","Male","45-54","3 to 4","Terminated"
64177690,"Manufacturing","Band 1","Poland","Male","45-54","8 to 11","Active"
13520015,"Manufacturing","Band 1","Poland","Male","45-54","0","Active"
79780601,"Manufacturing","Band 1","Poland","Male","45-54","2","Terminated"
79782486,"Manufacturing","Band 1","Poland","Male","45-54","2","Active"
88800148,"Manufacturing","Band 1","Poland","Male","45-54","0","Terminated"
77405998,"Manufacturing","Band 1","Poland","Male","45-54","2","Active"
84351880,"Manufacturing","Band 1","Poland","Male","45-54","1","Active"
53193711,"Manufacturing","Band 1","Poland","Male","45-54","1","Active"
57559421,"Manufacturing","Band 1","Poland","Male","45-54","8 to 11","Active"
52147804,"Manufacturing","Band 1","Poland","Male","45-54","2","Active"
53623245,"Manufacturing","Band 1","Poland","Male","45-54","0","Active"
90784610,"Manufacturing","Band 1","Poland","Male","45-54","1","Terminated"
99362728,"Manufacturing","Band 1","Poland","Male","45-54","3 to 4","Active"
38572337,"Manufacturing","Band 1","Poland","Male","45-54","1","Active"
68857341,"Manufacturing","Band 1","Poland","Male","45-54","0","Active"
66091203,"Manufacturing","Band 1","Poland","Male","45-54","1","Terminated"
28357324,"Manufacturing","Band 1","Poland","Male","45-54","1","Active"
87183287,"Manufacturing","Band 1","Poland","Male","45-54","1","Active"
62780182,"Manufacturing","Band 1","Poland","Male","45-54","2","Active"
92090448,"Manufacturing","Band 1","Poland","Male","45-54","0","Terminated"
64919688,"Manufacturing","Band 1","Poland","Male","45-54","12+","Active"
43005167,"LSCM","Band 1","Poland","Male","45-54","2","Active"
35327265,"LSCM","Band 1","Poland","Male","45-54","2","Terminated"
72783579,"LSCM","Band 1","Poland","Male","45-54","8 to 11","Active"
24277797,"LSCM","Band 1","Poland","Male","45-54","0","Active"
48005099,"LSCM","Band 1","Belgium","Male","45-54","2","Active"
58669924,"LSCM","Band 1","Germany","Male","45-54","12+","Active"
78149620,"Sales","Band 1","France","Male","45-54","2","Active"
30826382,"LSCM","Band 1","France","Male","45-54","8 to 11","Active"
44042289,"Sales","Band 1","Belgium","Male","45-54","2","Active"
16931149,"Manufacturing","Band 1","Poland","Male","55+","1","Terminated"
84362822,"Manufacturing","Band 1","Poland","Male","55+","12+","Active"
26578757,"Manufacturing","Band 1","Poland","Male","55+","12+","Active"
72297131,"Manufacturing","Band 1","Poland","Male","55+","0","Active"
97911474,"Manufacturing","Band 1","Poland","Male","55+","2","Active"
86965058,"Manufacturing","Band 1","Poland","Male","55+","5 to 7","Active"
79226946,"Manufacturing","Band 1","Poland","Male","55+","2","Terminated"
28563462,"Manufacturing","Band 1","Poland","Male","55+","8 to 11","Active"
38723855,"Manufacturing","Band 1","Poland","Male","55+","2","Active"
29795562,"Manufacturing","Band 1","Poland","Male","55+","5 to 7","Active"
63481055,"Manufacturing","Band 1","Poland","Male","55+","5 to 7","Active"
76410701,"Manufacturing","Band 1","Poland","Male","55+","0","Active"
61800303,"Manufacturing","Band 1","Poland","Male","55+","12+","Active"
59482911,"Manufacturing","Band 1","Poland","Male","55+","2","Active"
84921736,"Manufacturing","Band 1","Poland","Male","55+","2","Active"
93556728,"Manufacturing","Band 1","Poland","Male","55+","1","Active"
16183196,"Manufacturing","Band 1","Poland","Male","55+","2","Active"
93096184,"Manufacturing","Band 1","Poland","Male","55+","2","Active"
36650599,"Manufacturing","Band 1","Poland","Male","55+","3 to 4","Active"
75885257,"Manufacturing","Band 1","Poland","Male","55+","2","Active"
81471080,"Manufacturing","Band 1","Poland","Male","55+","0","Active"
35672808,"Manufacturing","Band 1","Poland","Male","55+","12+","Active"
74786405,"Manufacturing","Band 1","Poland","Male","55+","0","Active"
37507211,"LSCM","Band 1","Poland","Male","55+","0","Active"
94035553,"LSCM","Band 1","Belgium","Male","55+","2","Active"
64461485,"LSCM","Band 1","France","Male","55+","2","Active"
22078758,"Sales","Band 1","Germany","Male","55+","8 to 11","Terminated"
27462944,"LSCM","Band 1","Netherlands","Male","55+","2","Active"
85595006,"Manufacturing","Band 2","Poland","Male","18-24","2","Active"
41029970,"Manufacturing","Band 2","Poland","Male","18-24","0","Active"
70332233,"Manufacturing","Band 2","Poland","Male","18-24","3 to 4","Active"
88746173,"Manufacturing","Band 2","Poland","Male","18-24","0","Active"
58491287,"Manufacturing","Band 2","Poland","Male","18-24","0","Active"
22649575,"Manufacturing","Band 2","Poland","Male","18-24","0","Active"
50945329,"Manufacturing","Band 2","Poland","Male","18-24","3 to 4","Terminated"
27874032,"Manufacturing","Band 2","Poland","Male","18-24","0","Active"
35792727,"Manufacturing","Band 2","Poland","Male","18-24","0","Active"
52392206,"Manufacturing","Band 2","Poland","Male","18-24","1","Active"
85905416,"Manufacturing","Band 2","Poland","Male","18-24","0","Active"
68726896,"Manufacturing","Band 2","Poland","Male","18-24","2","Active"
48386644,"Manufacturing","Band 2","Poland","Male","18-24","0","Active"
41751049,"Manufacturing","Band 2","Poland","Male","18-24","2","Active"
37309588,"Manufacturing","Band 2","Poland","Male","18-24","0","Active"
40567298,"Manufacturing","Band 2","Poland","Male","18-24","3 to 4","Active"
33837058,"Manufacturing","Band 2","Poland","Male","18-24","1","Active"
42914431,"Manufacturing","Band 2","Poland","Male","18-24","0","Active"
51838720,"Manufacturing","Band 2","Poland","Male","18-24","0","Active"
65527953,"Manufacturing","Band 2","Poland","Male","18-24","1","Active"
51818746,"Manufacturing","Band 2","Poland","Male","18-24","0","Active"
73794410,"Manufacturing","Band 2","Poland","Male","18-24","1","Active"
96103869,"Manufacturing","Band 2","Poland","Male","18-24","0","Active"
98234595,"Manufacturing","Band 2","Poland","Male","18-24","2","Terminated"
18082279,"Manufacturing","Band 2","Poland","Male","18-24","1","Active"
70306163,"Manufacturing","Band 2","Poland","Male","18-24","3 to 4","Active"
96690631,"Manufacturing","Band 2","Poland","Male","18-24","1","Active"
43159138,"Manufacturing","Band 2","Poland","Male","18-24","2","Active"
93182867,"Manufacturing","Band 2","Poland","Male","18-24","1","Active"
38492964,"Manufacturing","Band 2","Poland","Male","18-24","0","Terminated"
75393418,"Manufacturing","Band 2","Poland","Male","18-24","0","Active"
16173795,"Manufacturing","Band 2","Poland","Male","18-24","1","Terminated"
12920867,"Manufacturing","Band 2","Poland","Male","18-24","2","Active"
45133809,"Manufacturing","Band 2","Poland","Male","18-24","2","Active"
41083949,"Manufacturing","Band 2","Poland","Male","18-24","0","Active"
51740577,"Manufacturing","Band 2","Poland","Male","18-24","0","Terminated"
12380306,"Manufacturing","Band 2","Poland","Male","18-24","0","Active"
29534427,"R&D","Band 2","Germany","Male","18-24","2","Terminated"
51229522,"R&D","Band 2","Germany","Male","18-24","0","Active"
21446308,"R&D","Band 2","Germany","Male","18-24","2","Active"
85227011,"R&D","Band 2","Germany","Male","18-24","2","Terminated"
35939632,"R&D","Band 2","Germany","Male","18-24","1","Terminated"
47500866,"R&D","Band 2","Germany","Male","18-24","0","Active"
20538602,"R&D","Band 2","Germany","Male","18-24","0","Active"
28955932,"R&D","Band 2","Germany","Male","18-24","0","Active"
19728481,"R&D","Band 2","Germany","Male","18-24","3 to 4","Active"
39588201,"R&D","Band 2","Germany","Male","18-24","0","Active"
69259664,"R&D","Band 2","Germany","Male","18-24","3 to 4","Active"
68189637,"R&D","Band 2","Germany","Male","18-24","1","Terminated"
47350016,"R&D","Band 2","Germany","Male","18-24","0","Active"
16652938,"R&D","Band 2","Germany","Male","18-24","0","Active"
84975869,"LSCM","Band 2","Poland","Male","18-24","0","Active"
81563623,"LSCM","Band 2","Poland","Male","18-24","1","Active"
19150860,"LSCM","Band 2","Poland","Male","18-24","3 to 4","Active"
81267686,"LSCM","Band 2","Poland","Male","18-24","1","Active"
59974878,"LSCM","Band 2","Poland","Male","18-24","1","Active"
42570240,"LSCM","Band 2","Poland","Male","18-24","0","Active"
49795041,"LSCM","Band 2","Poland","Male","18-24","0","Active"
82092213,"LSCM","Band 2","Poland","Male","18-24","1","Active"
79306991,"LSCM","Band 2","Poland","Male","18-24","1","Active"
97474353,"LSCM","Band 2","Poland","Male","18-24","0","Active"
22057652,"LSCM","Band 2","Poland","Male","18-24","3 to 4","Active"
93756636,"LSCM","Band 2","Poland","Male","18-24","0","Active"
77256649,"LSCM","Band 2","Poland","Male","18-24","0","Active"
93052519,"LSCM","Band 2","Poland","Male","18-24","1","Active"
63674238,"LSCM","Band 2","Poland","Male","18-24","0","Active"
14408116,"LSCM","Band 2","Poland","Male","18-24","5 to 7","Active"
50512215,"LSCM","Band 2","Poland","Male","18-24","0","Terminated"
55669355,"LSCM","Band 2","Poland","Male","18-24","0","Active"
35819929,"LSCM","Band 2","Poland","Male","18-24","0","Active"
13482872,"IT","Band 2","Belgium","Male","18-24","1","Active"
19670163,"IT","Band 2","Belgium","Male","18-24","5 to 7","Active"
68138763,"IT","Band 2","Belgium","Male","18-24","1","Active"
71614646,"IT","Band 2","Germany","Male","18-24","5 to 7","Active"
17180642,"IT","Band 2","Germany","Male","18-24","1","Active"
99059508,"IT","Band 2","Germany","Male","18-24","0","Active"
81243908,"Sales","Band 2","Spain","Male","18-24","0","Active"
30075286,"Marketing","Band 2","Belgium","Male","18-24","5 to 7","Active"
29879981,"Marketing","Band 2","Belgium","Male","18-24","2","Active"
15279073,"LSCM","Band 2","Belgium","Male","18-24","0","Active"
62602966,"HR","Band 2","Belgium","Male","18-24","0","Active"
82345332,"HR","Band 2","Germany","Male","18-24","2","Terminated"
21384138,"HR","Band 2","Poland","Male","18-24","2","Active"
84092673,"IT","Band 2","Netherlands","Male","18-24","0","Active"
50679935,"IT","Band 2","Spain","Male","18-24","0","Active"
82181154,"LSCM","Band 2","France","Male","18-24","0","Active"
43855363,"Manufacturing","Band 2","Poland","Male","25-34","0","Active"
80564427,"Manufacturing","Band 2","Poland","Male","25-34","0","Active"
62512671,"Manufacturing","Band 2","Poland","Male","25-34","5 to 7","Active"
77359510,"Manufacturing","Band 2","Poland","Male","25-34","0","Active"
64513435,"Manufacturing","Band 2","Poland","Male","25-34","1","Active"
20562784,"Manufacturing","Band 2","Poland","Male","25-34","12+","Terminated"
64029378,"Manufacturing","Band 2","Poland","Male","25-34","12+","Active"
48790406,"Manufacturing","Band 2","Poland","Male","25-34","1","Active"
75540444,"Manufacturing","Band 2","Poland","Male","25-34","3 to 4","Active"
86067040,"Manufacturing","Band 2","Poland","Male","25-34","3 to 4","Active"
85468649,"Manufacturing","Band 2","Poland","Male","25-34","1","Active"
69117877,"Manufacturing","Band 2","Poland","Male","25-34","0","Terminated"
73742359,"Manufacturing","Band 2","Poland","Male","25-34","3 to 4","Active"
50707525,"Manufacturing","Band 2","Poland","Male","25-34","5 to 7","Active"
23877944,"Manufacturing","Band 2","Poland","Male","25-34","0","Active"
19108100,"Manufacturing","Band 2","Poland","Male","25-34","3 to 4","Terminated"
11626563,"Manufacturing","Band 2","Poland","Male","25-34","1","Active"
55515020,"Manufacturing","Band 2","Poland","Male","25-34","0","Active"
70203167,"Manufacturing","Band 2","Poland","Male","25-34","8 to 11","Active"
33278691,"Manufacturing","Band 2","Poland","Male","25-34","0","Active"
71030381,"Manufacturing","Band 2","Poland","Male","25-34","0","Active"
49301835,"Manufacturing","Band 2","Poland","Male","25-34","8 to 11","Active"
15673380,"Manufacturing","Band 2","Poland","Male","25-34","12+","Active"
49240967,"Manufacturing","Band 2","Poland","Male","25-34","2","Active"
71497111,"Manufacturing","Band 2","Poland","Male","25-34","0","Active"
50077882,"Manufacturing","Band 2","Poland","Male","25-34","5 to 7","Active"
83213460,"Manufacturing","Band 2","Poland","Male","25-34","1","Active"
72181505,"Manufacturing","Band 2","Poland","Male","25-34","1","Active"
16616388,"Manufacturing","Band 2","Poland","Male","25-34","2","Active"
40705630,"Manufacturing","Band 2","Poland","Male","25-34","1","Active"
26101852,"R&D","Band 2","Germany","Male","25-34","2","Active"
25226218,"R&D","Band 2","Germany","Male","25-34","5 to 7","Active"
14964613,"R&D","Band 2","Germany","Male","25-34","1","Active"
14627187,"R&D","Band 2","Germany","Male","25-34","1","Active"
26563377,"R&D","Band 2","Germany","Male","25-34","8 to 11","Active"
62621661,"R&D","Band 2","Germany","Male","25-34","1","Active"
71876092,"R&D","Band 2","Germany","Male","25-34","0","Active"
16666649,"R&D","Band 2","Germany","Male","25-34","8 to 11","Active"
34911676,"R&D","Band 2","Germany","Male","25-34","3 to 4","Active"
91876114,"R&D","Band 2","Germany","Male","25-34","8 to 11","Terminated"
76390281,"R&D","Band 2","Germany","Male","25-34","0","Active"
18768870,"R&D","Band 2","Germany","Male","25-34","1","Active"
46266973,"R&D","Band 2","Germany","Male","25-34","0","Active"
29047299,"R&D","Band 2","Germany","Male","25-34","2","Active"
74680982,"R&D","Band 2","Germany","Male","25-34","0","Terminated"
69670262,"LSCM","Band 2","Poland","Male","25-34","1","Active"
38773600,"LSCM","Band 2","Poland","Male","25-34","2","Active"
71429441,"LSCM","Band 2","Poland","Male","25-34","0","Active"
36378097,"LSCM","Band 2","Poland","Male","25-34","2","Active"
78134777,"LSCM","Band 2","Poland","Male","25-34","2","Active"
62839204,"LSCM","Band 2","Poland","Male","25-34","3 to 4","Active"
90467862,"LSCM","Band 2","Poland","Male","25-34","1","Active"
97611893,"IT","Band 2","Belgium","Male","25-34","1","Active"
70962256,"IT","Band 2","Belgium","Male","25-34","3 to 4","Active"
87990933,"IT","Band 2","Belgium","Male","25-34","0","Active"
86217383,"IT","Band 2","Germany","Male","25-34","2","Active"
98670910,"Sales","Band 2","Spain","Male","25-34","5 to 7","Active"
92249166,"Sales","Band 2","Spain","Male","25-34","12+","Active"
84192309,"IT","Band 2","Poland","Male","25-34","2","Active"
72594086,"LSCM","Band 2","Spain","Male","25-34","3 to 4","Active"
45145595,"LSCM","Band 2","Spain","Male","25-34","0","Active"
63593304,"LSCM","Band 2","Spain","Male","25-34","1","Active"
46500308,"IT","Band 2","France","Male","25-34","1","Active"
66785650,"Manufacturing","Band 2","Poland","Male","35-44","0","Active"
82484106,"Manufacturing","Band 2","Poland","Male","35-44","0","Active"
68690319,"Manufacturing","Band 2","Poland","Male","35-44","2","Active"
36253128,"Manufacturing","Band 2","Poland","Male","35-44","2","Active"
80986875,"Manufacturing","Band 2","Poland","Male","35-44","0","Active"
21770420,"Manufacturing","Band 2","Poland","Male","35-44","3 to 4","Active"
17484558,"Manufacturing","Band 2","Poland","Male","35-44","3 to 4","Terminated"
95777511,"Manufacturing","Band 2","Poland","Male","35-44","2","Active"
78972916,"Manufacturing","Band 2","Poland","Male","35-44","1","Active"
58789427,"Manufacturing","Band 2","Poland","Male","35-44","2","Active"
11130783,"Manufacturing","Band 2","Poland","Male","35-44","1","Active"
11191644,"Manufacturing","Band 2","Poland","Male","35-44","1","Active"
67318118,"Manufacturing","Band 2","Poland","Male","35-44","12+","Active"
31698750,"R&D","Band 2","Germany","Male","35-44","0","Active"
31192989,"R&D","Band 2","Germany","Male","35-44","3 to 4","Active"
17674591,"R&D","Band 2","Germany","Male","35-44","8 to 11","Active"
62677954,"R&D","Band 2","Germany","Male","35-44","0","Active"
16138674,"R&D","Band 2","Germany","Male","35-44","1","Active"
93454801,"LSCM","Band 2","Poland","Male","35-44","1","Active"
24459983,"IT","Band 2","Belgium","Male","35-44","1","Active"
47088428,"IT","Band 2","Belgium","Male","35-44","0","Terminated"
49757152,"IT","Band 2","Belgium","Male","35-44","1","Active"
77194675,"LSCM","Band 2","Belgium","Male","35-44","5 to 7","Terminated"
77849882,"IT","Band 2","Italy","Male","35-44","2","Active"
36811680,"Sales","Band 2","France","Male","35-44","0","Active"
60503343,"Manufacturing","Band 2","Poland","Male","45-54","5 to 7","Active"
46891219,"Manufacturing","Band 2","Poland","Male","45-54","12+","Active"
85510950,"Manufacturing","Band 2","Poland","Male","45-54","1","Active"
54230313,"Manufacturing","Band 2","Poland","Male","45-54","0","Active"
44812931,"Manufacturing","Band 2","Poland","Male","45-54","1","Active"
87390706,"Manufacturing","Band 2","Poland","Male","45-54","1","Active"
54068202,"Manufacturing","Band 2","Poland","Male","45-54","1","Active"
86881570,"Manufacturing","Band 2","Poland","Male","45-54","0","Active"
37230807,"Manufacturing","Band 2","Poland","Male","45-54","5 to 7","Active"
81772025,"R&D","Band 2","Germany","Male","45-54","2","Active"
70778295,"R&D","Band 2","Germany","Male","45-54","0","Active"
47585082,"R&D","Band 2","Germany","Male","45-54","1","Active"
33798976,"R&D","Band 2","Germany","Male","45-54","2","Active"
90217185,"LSCM","Band 2","Poland","Male","45-54","5 to 7","Active"
46468235,"LSCM","Band 2","Poland","Male","45-54","8 to 11","Active"
56535363,"Sales","Band 2","Spain","Male","45-54","0","Active"
34848877,"IT","Band 2","Poland","Male","45-54","5 to 7","Active"
90668673,"IT","Band 2","Poland","Male","45-54","1","Active"
88053023,"HR","Band 2","Italy","Male","45-54","2","Active"
96244405,"Sales","Band 2","Italy","Male","45-54","1","Active"
16495092,"Manufacturing","Band 2","Poland","Male","55+","5 to 7","Active"
61614407,"Manufacturing","Band 2","Poland","Male","55+","0","Terminated"
72204286,"Manufacturing","Band 2","Poland","Male","55+","2","Active"
32928662,"Manufacturing","Band 2","Poland","Male","55+","2","Active"
35586246,"Manufacturing","Band 2","Poland","Male","55+","2","Active"
67335805,"Manufacturing","Band 2","Poland","Male","55+","1","Active"
48650915,"Manufacturing","Band 2","Poland","Male","55+","5 to 7","Active"
20514330,"Manufacturing","Band 2","Poland","Male","55+","1","Active"
19943531,"Manufacturing","Band 2","Poland","Male","55+","0","Active"
82154369,"R&D","Band 2","Germany","Male","55+","1","Active"
72741390,"R&D","Band 2","Germany","Male","55+","5 to 7","Active"
19969658,"R&D","Band 2","Germany","Male","55+","5 to 7","Active"
20906415,"R&D","Band 2","Germany","Male","55+","1","Active"
63355056,"R&D","Band 2","Germany","Male","55+","5 to 7","Active"
74861638,"R&D","Band 2","Germany","Male","55+","8 to 11","Active"
35403281,"R&D","Band 2","Germany","Male","55+","8 to 11","Terminated"
25526613,"R&D","Band 2","Germany","Male","55+","12+","Active"
20988387,"LSCM","Band 2","Poland","Male","55+","3 to 4","Active"
41932797,"LSCM","Band 2","Poland","Male","55+","1","Active"
78388943,"LSCM","Band 2","Poland","Male","55+","0","Active"
90050849,"IT","Band 2","Belgium","Male","55+","8 to 11","Active"
51354482,"Marketing","Band 2","Belgium","Male","55+","0","Active"
69509541,"R&D","Band 3","Germany","Male","25-34","2","Active"
93397076,"R&D","Band 3","Germany","Male","25-34","0","Active"
67279202,"R&D","Band 3","Germany","Male","25-34","0","Active"
98580110,"R&D","Band 3","Germany","Male","25-34","2","Active"
58566700,"R&D","Band 3","Germany","Male","25-34","3 to 4","Active"
97224657,"R&D","Band 3","Germany","Male","25-34","0","Active"
24394547,"R&D","Band 3","Germany","Male","25-34","2","Active"
89276055,"R&D","Band 3","Germany","Male","25-34","0","Active"
81439317,"R&D","Band 3","Germany","Male","25-34","0","Active"
17358017,"Manufacturing","Band 3","Poland","Male","25-34","0","Active"
53530319,"Manufacturing","Band 3","Poland","Male","25-34","1","Active"
17554600,"Manufacturing","Band 3","Poland","Male","25-34","5 to 7","Active"
28847705,"Manufacturing","Band 3","Poland","Male","25-34","0","Active"
53458482,"Manufacturing","Band 3","Poland","Male","25-34","0","Terminated"
44429551,"Manufacturing","Band 3","Poland","Male","25-34","2","Active"
39959164,"Manufacturing","Band 3","Poland","Male","25-34","0","Active"
48274475,"IT","Band 3","Belgium","Male","25-34","1","Active"
14148202,"IT","Band 3","Belgium","Male","25-34","1","Active"
57709216,"HR","Band 3","Belgium","Male","25-34","3 to 4","Active"
62824841,"HR","Band 3","Belgium","Male","25-34","0","Active"
30081498,"LSCM","Band 3","Poland","Male","25-34","2","Active"
23956282,"Marketing","Band 3","Belgium","Male","25-34","12+","Active"
39221797,"Sales","Band 3","Poland","Male","25-34","0","Active"
14037815,"R&D","Band 3","Germany","Male","35-44","2","Terminated"
56871342,"R&D","Band 3","Germany","Male","35-44","5 to 7","Active"
75710257,"R&D","Band 3","Germany","Male","35-44","0","Active"
54922733,"R&D","Band 3","Germany","Male","35-44","0","Active"
97380775,"R&D","Band 3","Germany","Male","35-44","0","Active"
89788873,"R&D","Band 3","Germany","Male","35-44","0","Active"
23773176,"R&D","Band 3","Germany","Male","35-44","2","Active"
48092319,"R&D","Band 3","Germany","Male","35-44","2","Active"
64037032,"R&D","Band 3","Germany","Male","35-44","12+","Active"
26174085,"Manufacturing","Band 3","Poland","Male","35-44","0","Active"
76683301,"Manufacturing","Band 3","Poland","Male","35-44","2","Active"
34760574,"Manufacturing","Band 3","Poland","Male","35-44","0","Active"
37415112,"Manufacturing","Band 3","Poland","Male","35-44","2","Terminated"
14409191,"Manufacturing","Band 3","Poland","Male","35-44","5 to 7","Active"
86408763,"Manufacturing","Band 3","Poland","Male","35-44","5 to 7","Active"
72668683,"Manufacturing","Band 3","Poland","Male","35-44","2","Active"
74854548,"Manufacturing","Band 3","Poland","Male","35-44","5 to 7","Active"
83971614,"Manufacturing","Band 3","Poland","Male","35-44","0","Active"
68694266,"IT","Band 3","Belgium","Male","35-44","2","Active"
58748611,"IT","Band 3","Belgium","Male","35-44","2","Active"
31920205,"IT","Band 3","Belgium","Male","35-44","0","Terminated"
15868535,"IT","Band 3","Belgium","Male","35-44","3 to 4","Active"
64903320,"HR","Band 3","Belgium","Male","35-44","12+","Active"
19424024,"LSCM","Band 3","Poland","Male","35-44","1","Active"
38471017,"Sales","Band 3","Spain","Male","35-44","12+","Active"
75019606,"Sales","Band 3","Spain","Male","35-44","0","Active"
63052900,"HR","Band 3","Italy","Male","35-44","8 to 11","Active"
35419678,"IT","Band 3","Poland","Male","35-44","1","Active"
87271125,"Legal","Band 3","Belgium","Male","35-44","5 to 7","Active"
48692998,"LSCM","Band 3","Belgium","Male","35-44","1","Active"
96314006,"R&D","Band 3","Germany","Male","45-54","1","Terminated"
21084882,"R&D","Band 3","Germany","Male","45-54","3 to 4","Active"
34217814,"R&D","Band 3","Germany","Male","45-54","3 to 4","Active"
88566066,"R&D","Band 3","Germany","Male","45-54","1","Active"
90008143,"R&D","Band 3","Germany","Male","45-54","5 to 7","Terminated"
89256332,"R&D","Band 3","Germany","Male","45-54","8 to 11","Active"
41085140,"Manufacturing","Band 3","Poland","Male","45-54","8 to 11","Active"
44261945,"Manufacturing","Band 3","Poland","Male","45-54","0","Active"
38969147,"Manufacturing","Band 3","Poland","Male","45-54","2","Active"
93011975,"Manufacturing","Band 3","Poland","Male","45-54","3 to 4","Active"
78344662,"Manufacturing","Band 3","Poland","Male","45-54","0","Active"
93491952,"Manufacturing","Band 3","Poland","Male","45-54","0","Active"
25878557,"Manufacturing","Band 3","Poland","Male","45-54","0","Active"
34740666,"IT","Band 3","Belgium","Male","45-54","0","Active"
93010149,"IT","Band 3","Belgium","Male","45-54","3 to 4","Active"
79449170,"LSCM","Band 3","Poland","Male","45-54","5 to 7","Active"
89150745,"IT","Band 3","Germany","Male","45-54","0","Active"
89622327,"IT","Band 3","Germany","Male","45-54","1","Active"
40070167,"Marketing","Band 3","Belgium","Male","45-54","1","Terminated"
97614007,"R&D","Band 3","Germany","Male","55+","2","Active"
15205815,"R&D","Band 3","Germany","Male","55+","2","Active"
62611412,"LSCM","Band 3","Netherlands","Male","55+","1","Active"
88722535,"R&D","Band 4","Germany","Male","35-44","3 to 4","Active"
57909738,"R&D","Band 4","Germany","Male","35-44","5 to 7","Active"
96719116,"R&D","Band 4","Germany","Male","35-44","3 to 4","Active"
25945274,"R&D","Band 4","Germany","Male","35-44","1","Active"
75066610,"R&D","Band 4","Germany","Male","35-44","5 to 7","Terminated"
60059932,"R&D","Band 4","Germany","Male","35-44","2","Active"
30232851,"R&D","Band 4","Germany","Male","35-44","2","Active"
47619569,"Manufacturing","Band 4","Poland","Male","35-44","0","Active"
80306638,"IT","Band 4","Belgium","Male","35-44","0","Active"
22303678,"HR","Band 4","Belgium","Male","35-44","1","Active"
50494804,"IT","Band 4","Germany","Male","35-44","0","Active"
33861925,"Legal","Band 4","Belgium","Male","35-44","8 to 11","Active"
75849436,"Legal","Band 4","Belgium","Male","35-44","0","Active"
27189533,"HR","Band 4","Germany","Male","35-44","5 to 7","Active"
61522683,"HR","Band 4","Netherlands","Male","35-44","1","Active"
44183011,"HR","Band 4","Spain","Male","35-44","2","Active"
20159473,"IT","Band 4","Poland","Male","35-44","1","Active"
60498869,"Marketing","Band 4","Belgium","Male","35-44","5 to 7","Active"
67220642,"R&D","Band 4","Germany","Male","45-54","0","Active"
76931447,"R&D","Band 4","Germany","Male","45-54","1","Active"
34201846,"R&D","Band 4","Germany","Male","45-54","8 to 11","Terminated"
72768076,"Manufacturing","Band 4","Poland","Male","45-54","3 to 4","Active"
53775497,"Manufacturing","Band 4","Poland","Male","45-54","1","Active"
52738157,"Manufacturing","Band 4","Poland","Male","45-54","1","Active"
69831181,"Manufacturing","Band 4","Poland","Male","45-54","2","Active"
26437595,"Manufacturing","Band 4","Poland","Male","45-54","8 to 11","Active"
59892580,"Manufacturing","Band 4","Poland","Male","45-54","5 to 7","Active"
72869627,"IT","Band 4","Belgium","Male","45-54","1","Active"
60396938,"IT","Band 4","Belgium","Male","45-54","0","Active"
75736513,"IT","Band 4","Belgium","Male","45-54","12+","Active"
94454327,"IT","Band 4","Belgium","Male","45-54","0","Active"
39158820,"IT","Band 4","Belgium","Male","45-54","1","Active"
48014865,"LSCM","Band 4","Poland","Male","45-54","2","Active"
25079097,"LSCM","Band 4","Poland","Male","45-54","2","Active"
27332395,"LSCM","Band 4","Poland","Male","45-54","1","Active"
29968717,"LSCM","Band 4","Poland","Male","45-54","2","Active"
88998214,"HR","Band 4","Belgium","Male","45-54","0","Active"
80628176,"Sales","Band 4","Spain","Male","45-54","1","Active"
45499379,"IT","Band 4","Germany","Male","45-54","12+","Active"
99201080,"HR","Band 4","Poland","Male","45-54","2","Active"
77849318,"R&D","Band 4","Germany","Male","55+","2","Active"
55296175,"R&D","Band 4","Germany","Male","55+","0","Active"
24001565,"R&D","Band 4","Germany","Male","55+","1","Active"
91651631,"Manufacturing","Band 4","Poland","Male","55+","3 to 4","Active"
86804381,"HR","Band 4","Belgium","Male","55+","0","Active"
67680730,"Sales","Band 4","Spain","Male","55+","3 to 4","Active"
59510072,"Sales","Band 4","Spain","Male","55+","3 to 4","Active"
18663674,"R&D","Band 5","Germany","Male","35-44","2","Active"
48217900,"R&D","Band 5","Germany","Male","35-44","2","Active"
36821212,"LSCM","Band 5","Poland","Male","35-44","2","Active"
74093681,"Manufacturing","Band 5","Poland","Male","35-44","0","Active"
21161661,"R&D","Band 5","Germany","Male","45-54","3 to 4","Active"
48773625,"HR","Band 5","Belgium","Male","45-54","0","Active"
57824335,"LSCM","Band 5","Poland","Male","55+","1","Active"
90076872,"Manufacturing","Band 5","Poland","Male","55+","8 to 11","Active"
49269310,"IT","Band 5","Belgium","Male","55+","12+","Active"
90549778,"IT","Band 5","Germany","Male","55+","0","Active"
90200593,"IT","Band 6","Belgium","Male","45-54","2","Active"
76804258,"Manufacturing","Band 6","Poland","Male","45-54","3 to 4","Active"
41067304,"HR","Band 6","Belgium","Male","55+","1","Active"
52403864,"LSCM","Band 6","Poland","Male","55+","1","Active"
75576832,"R&D","Band 6","Germany","Male","55+","0","Active"
61389702,"Sales","Band 6","Spain","Male","55+","5 to 7","Active"
